/home/amathew6/ANIProject/mtb_3genomes/GCF_000008585.1_ASM858v1_genomic.fna,/home/amathew6/ANIProject/mtb_3genomes/GCF_000009445.1_ASM944v1_genomic.fna,/home/amathew6/ANIProject/mtb_3genomes/GCF_000010685.1_ASM1068v1_genomic.fna
1.0,0.9294223420993482,0.9343672735446168
0.9294223420993482,1.0,0.9920634920634921
0.9343672735446168,0.9920634920634921,1.0
