/home/amathew6/ANIProject/streptomyces_3genomes/GCF_000091305.1_ASM9130v1_genomic.fna,/home/amathew6/ANIProject/streptomyces_3genomes/GCF_000010605.1_ASM1060v1_genomic.fna,/home/amathew6/ANIProject/streptomyces_3genomes/GCF_000009765.2_ASM976v2_genomic.fna
1.0,0.004195418161744411,0.009828923600042503
0.004195418161744411,1.0,0.004499307798800185
0.009828923600042503,0.004499307798800185,1.0
