/home/amathew6/ANIProject/streptococcus_3genomes/GCF_000006885.1_ASM688v1_genomic.fna,/home/amathew6/ANIProject/streptococcus_3genomes/GCF_000007045.1_ASM704v1_genomic.fna,/home/amathew6/ANIProject/streptococcus_3genomes/GCF_000006785.2_ASM678v2_genomic.fna
1.0,0.6292834890965732,0.0020502306509482316
0.6292834890965732,1.0,0.0020920502092050207
0.0020502306509482316,0.0020920502092050207,1.0
